{"best_model/test_f1":0.6715992721380508,"_step":62,"lr-AdamW":1.2235870926211619e-06,"val_acc":0.6810014247894287,"train_f1":0.8311367034912109,"best_model/val_f1":0.6715992721380508,"val_f1":0.6360969543457031,"test_f1":0.6360969543457031,"test_loss":0.9384306073188782,"train_acc":0.8330529928207397,"_runtime":368,"best_model/checkpoint_path":"","_timestamp":1.7647357273737576e+09,"best_model/val_loss":0.9384306073188782,"train_loss":0.40669313073158264,"val_loss":0.9384306073188782,"epoch":20,"_wandb":{"runtime":368},"trainer/global_step":18580,"best_model/val_acc":0.6810014132848778,"best_model/test_loss":0.9384306073188782,"best_model/test_acc":0.6810014132848778,"test_acc":0.6810014247894287}