{"best_model/test_f1":0.7888299211536975,"trainer/global_step":16260,"val_f1":0.7091319561004639,"val_acc":0.7738720774650574,"epoch":20,"best_model/val_f1":0.7888299211536975,"test_acc":0.7948821783065796,"best_model/test_acc":0.7948821548821549,"best_model/checkpoint_path":"/root/MineROI-Net/final_split_outputs_cv/TSLANet/seq_60/cv3/_60_seed42_emb8_depth6___ASB_True__AF_True__ICB_True__preTr_False_00_55_37/epoch=14-step=12195.ckpt","train_acc":0.818361759185791,"train_f1":0.815427839756012,"test_f1":0.7330120801925659,"_runtime":391,"test_loss":0.6105018854141235,"_step":62,"train_loss":0.42434200644493103,"_wandb":{"runtime":391},"lr-AdamW":1.2235870926211619e-06,"best_model/val_loss":0.6105018854141235,"best_model/test_loss":0.6105018854141235,"val_loss":0.6272710561752319,"_timestamp":1.7646085354627695e+09,"best_model/val_acc":0.7948821548821549}