{
  "0": {
    "precision": 0.5556626506024096,
    "recall": 0.6019316105455494,
    "f1-score": 0.5778724470617717,
    "support": 3831.0
  },
  "1": {
    "precision": 0.9621026894865525,
    "recall": 0.6550145651269247,
    "f1-score": 0.7794008417925229,
    "support": 2403.0
  },
  "2": {
    "precision": 0.005958829902491874,
    "recall": 0.007868383404864092,
    "f1-score": 0.006781750924784217,
    "support": 1398.0
  },
  "accuracy": 0.5098270440251572,
  "macro avg": {
    "precision": 0.507908056663818,
    "recall": 0.4216048530257794,
    "f1-score": 0.4546850132596929,
    "support": 7632.0
  },
  "weighted avg": {
    "precision": 0.5829411453744365,
    "recall": 0.5098270440251572,
    "f1-score": 0.5367152064090577,
    "support": 7632.0
  }
}