{"test_acc":0.7860342264175415,"best_model/test_loss":0.5453442931175232,"val_f1":0.6970068216323853,"best_model/test_f1":0.7711052048788688,"best_model/test_acc":0.786034255599473,"val_acc":0.7839261889457703,"train_acc":0.8445377945899963,"lr-AdamW":2.447174185242324e-07,"best_model/val_loss":0.5453442931175232,"best_model/val_f1":0.7711052048788688,"val_loss":0.6702826023101807,"best_model/val_acc":0.786034255599473,"_step":62,"best_model/checkpoint_path":"/root/Mine_ROI_Net/final_split_outputs_cv/TSLANet/seq_30/cv3/_30_seed42_emb32_depth4___ASB_True__AF_True__ICB_True__preTr_False_12_54_33/epoch=11-step=9996.ckpt","epoch":20,"train_loss":0.3408801257610321,"test_f1":0.7085303664207458,"test_loss":0.5453442931175232,"train_f1":0.842429518699646,"trainer/global_step":16660,"_wandb":{"runtime":238},"_runtime":238,"_timestamp":1.7646515145149007e+09}