{
  "0": {
    "precision": 0.9806234203875316,
    "recall": 0.8185654008438819,
    "f1-score": 0.8922958988118053,
    "support": 2844.0
  },
  "1": {
    "precision": 0.697874784606548,
    "recall": 0.9444228527011271,
    "f1-score": 0.8026424442609413,
    "support": 2573.0
  },
  "2": {
    "precision": 0.6966551326412919,
    "recall": 0.5559134836631385,
    "f1-score": 0.6183772715638597,
    "support": 2173.0
  },
  "accuracy": 0.786034255599473,
  "macro avg": {
    "precision": 0.7917177792117904,
    "recall": 0.7729672457360491,
    "f1-score": 0.7711052048788688,
    "support": 7590.0
  },
  "weighted avg": {
    "precision": 0.8034725206329796,
    "recall": 0.786034255599473,
    "f1-score": 0.7834812063784511,
    "support": 7590.0
  }
}