{
  "0": {
    "precision": 0.6682305630026809,
    "recall": 0.30857319715258436,
    "f1-score": 0.42218928647046366,
    "support": 3231.0
  },
  "1": {
    "precision": 0.6232715008431703,
    "recall": 0.973400052673163,
    "f1-score": 0.7599465405572119,
    "support": 3797.0
  },
  "2": {
    "precision": 0.0,
    "recall": 0.0,
    "f1-score": 0.0,
    "support": 394.0
  },
  "accuracy": 0.6323093505793587,
  "macro avg": {
    "precision": 0.43050068794861707,
    "recall": 0.4273244166085825,
    "f1-score": 0.39404527567589187,
    "support": 7422.0
  },
  "weighted avg": {
    "precision": 0.6097567822370223,
    "recall": 0.6323093505793587,
    "f1-score": 0.5725694690220697,
    "support": 7422.0
  }
}