{
  "0": {
    "precision": 0.5593351372245845,
    "recall": 0.37979002624671915,
    "f1-score": 0.4523995622948257,
    "support": 3810.0
  },
  "1": {
    "precision": 0.7894534257120862,
    "recall": 0.9469067405355494,
    "f1-score": 0.8610411418975651,
    "support": 2166.0
  },
  "2": {
    "precision": 0.0,
    "recall": 0.0,
    "f1-score": 0.0,
    "support": 1461.0
  },
  "accuracy": 0.4703509479628883,
  "macro avg": {
    "precision": 0.4495961876455569,
    "recall": 0.44223225559408946,
    "f1-score": 0.43781356806413024,
    "support": 7437.0
  },
  "weighted avg": {
    "precision": 0.5164747872687974,
    "recall": 0.4703509479628883,
    "f1-score": 0.48254100385819715,
    "support": 7437.0
  }
}