{
  "0": {
    "precision": 1.0,
    "recall": 0.5737594617325483,
    "f1-score": 0.7291577597263788,
    "support": 5945.0
  },
  "1": {
    "precision": 0.553709055876686,
    "recall": 0.5656988188976378,
    "f1-score": 0.5596397273612463,
    "support": 4064.0
  },
  "2": {
    "precision": 0.6043037280701754,
    "recall": 0.9090721649484536,
    "f1-score": 0.7260003293265272,
    "support": 4850.0
  },
  "accuracy": 0.6810014132848778,
  "macro avg": {
    "precision": 0.7193375946489539,
    "recall": 0.6828434818595466,
    "f1-score": 0.6715992721380508,
    "support": 14859.0
  },
  "weighted avg": {
    "precision": 0.7487816598844609,
    "recall": 0.6810014132848778,
    "f1-score": 0.6817632633961292,
    "support": 14859.0
  }
}