{
  "0": {
    "precision": 0.9943895271172856,
    "recall": 0.615511824044981,
    "f1-score": 0.760367722165475,
    "support": 6047.0
  },
  "1": {
    "precision": 0.6302319381498267,
    "recall": 0.5625892432175155,
    "f1-score": 0.5944926442851755,
    "support": 4202.0
  },
  "2": {
    "precision": 0.6407766990291263,
    "recall": 0.9959758551307847,
    "f1-score": 0.7798345805435211,
    "support": 4970.0
  },
  "accuracy": 0.7251461988304093,
  "macro avg": {
    "precision": 0.7551327214320795,
    "recall": 0.724692307464427,
    "f1-score": 0.7115649823313905,
    "support": 15219.0
  },
  "weighted avg": {
    "precision": 0.7783670588579116,
    "recall": 0.7251461988304093,
    "f1-score": 0.7209264453986618,
    "support": 15219.0
  }
}