{"test_loss":1.0474249124526978,"best_model/val_f1":0.39404527567589187,"_step":62,"epoch":20,"test_f1":0.573543906211853,"val_f1":0.2914500832557678,"best_model/val_acc":0.6323093505793587,"train_f1":0.8148483037948608,"_wandb":{"runtime":184},"train_loss":0.4290160834789276,"best_model/val_loss":1.0474249124526978,"best_model/test_acc":0.6323093505793587,"trainer/global_step":11620,"val_acc":0.3810293674468994,"lr-AdamW":1.2235870926211619e-06,"train_acc":0.8241716623306274,"_timestamp":1.7646072182580743e+09,"best_model/checkpoint_path":"/root/MineROI-Net/final_split_outputs_cv/TSLANet/seq_60/cv1/_60_seed42_emb8_depth6___ASB_True__AF_True__ICB_True__preTr_False_00_37_12/epoch=1-step=1162.ckpt","best_model/test_loss":1.0474249124526978,"_runtime":184,"val_loss":2.5740671157836914,"best_model/test_f1":0.39404527567589187,"test_acc":0.6323093771934509}