{"train_loss":0.41424885392189026,"test_acc":0.4703509509563446,"best_model/val_loss":1.0244228839874268,"test_loss":1.0244228839874268,"_timestamp":1.7646512408550878e+09,"_runtime":257,"best_model/test_f1":0.43781356806413024,"trainer/global_step":13940,"train_f1":0.825825035572052,"_step":62,"val_f1":0.33428043127059937,"test_f1":0.4291452169418335,"best_model/test_loss":1.0244228839874268,"best_model/checkpoint_path":"/root/Mine_ROI_Net/final_split_outputs_cv/TSLANet/seq_60/cv2/_60_seed42_emb8_depth6___ASB_True__AF_True__ICB_True__preTr_False_12_49_41/epoch=2-step=2091.ckpt","_wandb":{"runtime":257},"val_acc":0.37004169821739197,"best_model/val_acc":0.4703509479628883,"best_model/val_f1":0.43781356806413024,"train_acc":0.8322049975395203,"epoch":20,"best_model/test_acc":0.4703509479628883,"lr-AdamW":1.2235870926211619e-06,"val_loss":3.3293662071228027}