{
  "0": {
    "precision": 0.6630778974034199,
    "recall": 0.3260666459047026,
    "f1-score": 0.437160751565762,
    "support": 3211.0
  },
  "1": {
    "precision": 0.6718858733472513,
    "recall": 0.9698643897538926,
    "f1-score": 0.7938335046248716,
    "support": 3982.0
  },
  "2": {
    "precision": 0.0,
    "recall": 0.0,
    "f1-score": 0.0,
    "support": 412.0
  },
  "accuracy": 0.6454963839579224,
  "macro avg": {
    "precision": 0.44498792358355704,
    "recall": 0.43197701188619836,
    "f1-score": 0.4103314187302112,
    "support": 7605.0
  },
  "weighted avg": {
    "precision": 0.6317676102868028,
    "recall": 0.6454963839579224,
    "f1-score": 0.6002325034442999,
    "support": 7605.0
  }
}