{"test_loss":0.9384306073188782,"lr-AdamW":1.2235870926211619e-06,"val_acc":0.6810014247894287,"train_acc":0.8330529928207397,"train_loss":0.40669313073158264,"best_model/checkpoint_path":"","best_model/test_f1":0.6715992721380508,"best_model/val_f1":0.6715992721380508,"best_model/test_loss":0.9384306073188782,"best_model/val_loss":0.9384306073188782,"best_model/val_acc":0.6810014132848778,"trainer/global_step":18580,"best_model/test_acc":0.6810014132848778,"_runtime":459,"train_f1":0.8311367034912109,"test_acc":0.6810014247894287,"_wandb":{"runtime":459},"test_f1":0.6360969543457031,"_timestamp":1.7646092221870463e+09,"_step":62,"epoch":20,"val_loss":0.9384306073188782,"val_f1":0.6360969543457031}