{"_runtime":559,"lr-AdamW":2.447174185242324e-07,"test_acc":0.5098270177841187,"_step":62,"train_acc":0.8581932783126831,"test_f1":0.4458363652229309,"val_f1":0.3963480293750763,"best_model/val_acc":0.5098270440251572,"train_loss":0.3404659628868103,"best_model/test_f1":0.4546850132596929,"val_acc":0.46960169076919556,"test_loss":1.0755189657211304,"best_model/test_loss":1.0755189657211304,"best_model/val_f1":0.4546850132596929,"train_f1":0.8537447452545166,"trainer/global_step":14280,"best_model/test_acc":0.5098270440251572,"_timestamp":1.7646509462984207e+09,"best_model/val_loss":1.0755189657211304,"best_model/checkpoint_path":"/root/Mine_ROI_Net/final_split_outputs_cv/TSLANet/seq_30/cv2/_30_seed42_emb32_depth4___ASB_True__AF_True__ICB_True__preTr_False_12_39_44/epoch=1-step=1428.ckpt","epoch":20,"val_loss":2.751380681991577,"_wandb":{"runtime":559}}