{"_timestamp":1.7646078005725212e+09,"best_model/test_acc":0.4703509479628883,"test_loss":1.0244228839874268,"test_acc":0.4703509509563446,"_wandb":{"runtime":272},"val_f1":0.33428043127059937,"train_loss":0.41424885392189026,"train_f1":0.825825035572052,"val_acc":0.37004169821739197,"best_model/test_loss":1.0244228839874268,"best_model/test_f1":0.43781356806413024,"_runtime":272,"lr-AdamW":1.2235870926211619e-06,"best_model/val_acc":0.4703509479628883,"epoch":20,"best_model/checkpoint_path":"/root/MineROI-Net/final_split_outputs_cv/TSLANet/seq_60/cv2/_60_seed42_emb8_depth6___ASB_True__AF_True__ICB_True__preTr_False_00_45_26/epoch=2-step=2091.ckpt","train_acc":0.8322049975395203,"trainer/global_step":13940,"best_model/val_f1":0.43781356806413024,"best_model/val_loss":1.0244228839874268,"val_loss":3.3293662071228027,"test_f1":0.4291452169418335,"_step":62}