{
  "0": {
    "precision": 0.867806069061737,
    "recall": 0.908029197080292,
    "f1-score": 0.887462100945247,
    "support": 2740.0
  },
  "1": {
    "precision": 0.7192982456140351,
    "recall": 0.7463395330431342,
    "f1-score": 0.7325694309574675,
    "support": 2527.0
  },
  "2": {
    "precision": 0.7892561983471075,
    "recall": 0.7080630213160334,
    "f1-score": 0.7464582315583781,
    "support": 2158.0
  },
  "accuracy": 0.7948821548821549,
  "macro avg": {
    "precision": 0.7921201710076266,
    "recall": 0.7874772504798199,
    "f1-score": 0.7888299211536975,
    "support": 7425.0
  },
  "weighted avg": {
    "precision": 0.7944336931890752,
    "recall": 0.7948821548821549,
    "f1-score": 0.7937651141175054,
    "support": 7425.0
  }
}