{"_timestamp":1.7647353204352334e+09,"test_acc":0.7251461744308472,"best_model/test_f1":0.7115649823313905,"lr-AdamW":2.447174185242324e-07,"train_loss":0.3121494948863983,"best_model/checkpoint_path":"","_wandb":{"runtime":340},"train_acc":0.8595228791236877,"best_model/val_acc":0.7251461988304093,"val_loss":0.9831016063690186,"train_f1":0.858090877532959,"_runtime":340,"best_model/test_acc":0.7251461988304093,"_step":62,"val_acc":0.7251461744308472,"val_f1":0.6547343134880066,"best_model/val_loss":0.9831016063690186,"best_model/test_loss":0.9831016063690186,"epoch":20,"trainer/global_step":19020,"best_model/val_f1":0.7115649823313905,"test_f1":0.6547343134880066,"test_loss":0.9831016063690186}