{"val_acc":0.7251461744308472,"_runtime":281,"lr-AdamW":2.447174185242324e-07,"_wandb":{"runtime":281},"test_acc":0.7251461744308472,"train_f1":0.858090877532959,"_step":62,"train_acc":0.8595228791236877,"epoch":20,"trainer/global_step":19020,"val_loss":0.9831016063690186,"best_model/test_acc":0.7251461988304093,"best_model/val_loss":0.9831016063690186,"val_f1":0.6547343134880066,"train_loss":0.3121494948863983,"test_loss":0.9831016063690186,"best_model/test_loss":0.9831016063690186,"best_model/checkpoint_path":"","test_f1":0.6547343134880066,"best_model/test_f1":0.7115649823313905,"best_model/val_acc":0.7251461988304093,"best_model/val_f1":0.7115649823313905,"_timestamp":1.7646442036533816e+09}