{"train_acc":0.818361759185791,"test_f1":0.7330120801925659,"test_acc":0.7948821783065796,"_step":62,"best_model/checkpoint_path":"/root/Mine_ROI_Net/final_split_outputs_cv/TSLANet/seq_60/cv3/_60_seed42_emb8_depth6___ASB_True__AF_True__ICB_True__preTr_False_12_59_08/epoch=14-step=12195.ckpt","train_f1":0.815427839756012,"best_model/test_loss":0.6105018854141235,"val_f1":0.7091319561004639,"val_acc":0.7738720774650574,"test_loss":0.6105018854141235,"best_model/val_loss":0.6105018854141235,"best_model/val_f1":0.7888299211536975,"_timestamp":1.7646518267669744e+09,"lr-AdamW":1.2235870926211619e-06,"trainer/global_step":16260,"best_model/test_acc":0.7948821548821549,"epoch":20,"_wandb":{"runtime":274},"best_model/test_f1":0.7888299211536975,"_runtime":274,"val_loss":0.6272710561752319,"train_loss":0.42434200644493103,"best_model/val_acc":0.7948821548821549}