{"val_loss":3.0289809703826904,"val_f1":0.21424530446529388,"epoch":20,"trainer/global_step":11900,"best_model/checkpoint_path":"/root/Mine_ROI_Net/final_split_outputs_cv/TSLANet/seq_30/cv1/_30_seed42_emb32_depth4___ASB_True__AF_True__ICB_True__preTr_False_11_53_54/epoch=3-step=2380.ckpt","best_model/val_f1":0.4103314187302112,"best_model/test_loss":1.0689191818237305,"test_f1":0.6031102538108826,"best_model/val_acc":0.6454963839579224,"test_acc":0.6454963684082031,"best_model/val_loss":1.0689191818237305,"_wandb":{"runtime":406},"train_f1":0.858323335647583,"_runtime":406,"train_acc":0.864338219165802,"lr-AdamW":2.447174185242324e-07,"train_loss":0.32955411076545715,"_step":62,"val_acc":0.28862589597702026,"_timestamp":1.7646480451652703e+09,"best_model/test_acc":0.6454963839579224,"test_loss":1.0689191818237305,"best_model/test_f1":0.4103314187302112}