{"val_acc":0.7251461744308472,"_timestamp":1.764608728579465e+09,"best_model/test_acc":0.7251461988304093,"lr-AdamW":2.447174185242324e-07,"trainer/global_step":19020,"_step":62,"train_acc":0.8595228791236877,"best_model/test_f1":0.7115649823313905,"test_acc":0.7251461744308472,"val_loss":0.9831016063690186,"best_model/val_loss":0.9831016063690186,"test_f1":0.6547343134880066,"_runtime":241,"epoch":20,"best_model/val_f1":0.7115649823313905,"_wandb":{"runtime":241},"test_loss":0.9831016063690186,"best_model/checkpoint_path":"","train_f1":0.858090877532959,"best_model/test_loss":0.9831016063690186,"train_loss":0.3121494948863983,"best_model/val_acc":0.7251461988304093,"val_f1":0.6547343134880066}