{"val_f1":0.2914500832557678,"trainer/global_step":11620,"train_acc":0.8241716623306274,"best_model/test_f1":0.39404527567589187,"best_model/test_loss":1.0474249124526978,"_runtime":2269,"val_loss":2.5740671157836914,"_step":62,"val_acc":0.3810293674468994,"best_model/val_acc":0.6323093505793587,"lr-AdamW":1.2235870926211619e-06,"_wandb":{"runtime":2269},"epoch":20,"test_loss":1.0474249124526978,"best_model/test_acc":0.6323093505793587,"test_acc":0.6323093771934509,"best_model/val_f1":0.39404527567589187,"best_model/val_loss":1.0474249124526978,"train_f1":0.8148483037948608,"_timestamp":1.7646503525743423e+09,"test_f1":0.573543906211853,"best_model/checkpoint_path":"/root/Mine_ROI_Net/final_split_outputs_cv/TSLANet/seq_60/cv1/_60_seed42_emb8_depth6___ASB_True__AF_True__ICB_True__preTr_False_12_01_19/epoch=1-step=1162.ckpt","train_loss":0.4290160834789276}