{"lr-AdamW":2.447174185242324e-07,"best_model/test_f1":0.4103314187302112,"epoch":20,"train_loss":0.32955411076545715,"_wandb":{"runtime":205},"best_model/val_loss":1.0689191818237305,"train_acc":0.864338219165802,"_step":62,"best_model/val_f1":0.4103314187302112,"test_loss":1.0689191818237305,"val_loss":3.0289809703826904,"val_acc":0.28862589597702026,"train_f1":0.858323335647583,"best_model/checkpoint_path":"/root/MineROI-Net/final_split_outputs_cv/TSLANet/seq_30/cv1/_30_seed42_emb32_depth4___ASB_True__AF_True__ICB_True__preTr_False_00_33_10/epoch=3-step=2380.ckpt","test_acc":0.6454963684082031,"best_model/test_acc":0.6454963839579224,"val_f1":0.21424530446529388,"best_model/test_loss":1.0689191818237305,"_runtime":205,"_timestamp":1.7646069976556957e+09,"best_model/val_acc":0.6454963839579224,"trainer/global_step":11900,"test_f1":0.6031102538108826}